model,weights,layer,mse_norm,log_ip_norm,inverse_effdim_norm,risk_score,rank
Qwen3-4B,1_1_1,0,1.0000000000,1.0000000000,1.0000000000,3.0000000000,1
Qwen3-4B,1_1_1,1,0.0237641995,0.3618114040,0.6610393802,1.0466149837,3
Qwen3-4B,1_1_1,2,0.0034668400,0.1479738269,0.1859327705,0.3373734375,11
Qwen3-4B,1_1_1,3,0.0009708389,0.0516340771,0.0284690240,0.0810739401,26
Qwen3-4B,1_1_1,4,0.0322270638,0.4304076318,0.4054124513,0.8680471468,5
Qwen3-4B,1_1_1,5,0.0895565427,0.5687360765,0.3424419692,1.0007345883,4
Qwen3-4B,1_1_1,6,0.0191933681,0.3767744406,0.4486834082,0.8446512169,6
Qwen3-4B,1_1_1,7,0.0023953941,0.0119254571,0.0046874042,0.0190082555,34
Qwen3-4B,1_1_1,8,0.0302460728,0.4431271680,0.6483528439,1.1217260846,2
Qwen3-4B,1_1_1,9,0.0000000000,0.0141446991,0.0134694637,0.0276141628,33
Qwen3-4B,1_1_1,10,0.0176767261,0.3308907234,0.4669853166,0.8155527661,7
Qwen3-4B,1_1_1,11,0.0155083159,0.3224895564,0.2710781307,0.6090760029,9
Qwen3-4B,1_1_1,12,0.0082842413,0.2415719250,0.1806480338,0.4305042001,10
Qwen3-4B,1_1_1,13,0.0010199133,0.0076688582,0.0000000000,0.0086887715,35
Qwen3-4B,1_1_1,14,0.0085496889,0.2361572959,0.0496916946,0.2943986794,12
Qwen3-4B,1_1_1,15,0.0016335874,0.0333478867,0.0084215937,0.0434030678,31
Qwen3-4B,1_1_1,16,0.0021983802,0.0948295063,0.0698399990,0.1668678855,18
Qwen3-4B,1_1_1,17,0.0014546540,0.0484626394,0.0169252373,0.0668425306,28
Qwen3-4B,1_1_1,18,0.0025678421,0.0980596163,0.0532862859,0.1539137442,20
Qwen3-4B,1_1_1,19,0.0018401897,0.0629269249,0.0123572755,0.0771243901,27
Qwen3-4B,1_1_1,20,0.0013373363,0.0402105476,0.0096948296,0.0512427136,29
Qwen3-4B,1_1_1,21,0.0029111981,0.0921543542,0.0388885367,0.1339540890,21
Qwen3-4B,1_1_1,22,0.0047044796,0.1584730285,0.0865918036,0.2497693117,16
Qwen3-4B,1_1_1,23,0.0101553685,0.1927147037,0.0757869124,0.2786569846,13
Qwen3-4B,1_1_1,24,0.0013926545,0.0382808938,0.0088493916,0.0485229399,30
Qwen3-4B,1_1_1,25,0.0030924486,0.1051605603,0.0463427974,0.1545958064,19
Qwen3-4B,1_1_1,26,0.0018575592,0.0766578170,0.0196157091,0.0981310852,24
Qwen3-4B,1_1_1,27,0.0012687420,0.0988751912,0.0315305728,0.1316745061,22
Qwen3-4B,1_1_1,28,0.0026048029,0.1158717150,0.0739137572,0.1923902751,17
Qwen3-4B,1_1_1,29,0.0012747618,0.0508182114,0.0300862477,0.0821792209,25
Qwen3-4B,1_1_1,30,0.0034961944,0.1455434031,0.1037828389,0.2528224364,15
Qwen3-4B,1_1_1,31,0.0007119367,0.0278284924,0.0066023543,0.0351427834,32
Qwen3-4B,1_1_1,32,0.0011178955,0.0665257106,0.0446356598,0.1122792659,23
Qwen3-4B,1_1_1,33,0.0000119169,0.0000000000,0.0043993193,0.0044112362,36
Qwen3-4B,1_1_1,34,0.0042261206,0.1540810863,0.1018247754,0.2601319823,14
Qwen3-4B,1_1_1,35,0.0226755358,0.3578808014,0.3055498778,0.6861062150,8
Qwen3-4B,1_1_0p5,0,1.0000000000,1.0000000000,1.0000000000,2.5000000000,1
Qwen3-4B,1_1_0p5,1,0.0237641995,0.3618114040,0.6610393802,0.7160952936,4
Qwen3-4B,1_1_0p5,2,0.0034668400,0.1479738269,0.1859327705,0.2444070522,12
Qwen3-4B,1_1_0p5,3,0.0009708389,0.0516340771,0.0284690240,0.0668394281,27
Qwen3-4B,1_1_0p5,4,0.0322270638,0.4304076318,0.4054124513,0.6653409211,5
Qwen3-4B,1_1_0p5,5,0.0895565427,0.5687360765,0.3424419692,0.8295136037,2
Qwen3-4B,1_1_0p5,6,0.0191933681,0.3767744406,0.4486834082,0.6203095128,6
Qwen3-4B,1_1_0p5,7,0.0023953941,0.0119254571,0.0046874042,0.0166645534,34
Qwen3-4B,1_1_0p5,8,0.0302460728,0.4431271680,0.6483528439,0.7975496627,3
Qwen3-4B,1_1_0p5,9,0.0000000000,0.0141446991,0.0134694637,0.0208794309,33
Qwen3-4B,1_1_0p5,10,0.0176767261,0.3308907234,0.4669853166,0.5820601078,7
Qwen3-4B,1_1_0p5,11,0.0155083159,0.3224895564,0.2710781307,0.4735369376,9
Qwen3-4B,1_1_0p5,12,0.0082842413,0.2415719250,0.1806480338,0.3401801832,10
Qwen3-4B,1_1_0p5,13,0.0010199133,0.0076688582,0.0000000000,0.0086887715,35
Qwen3-4B,1_1_0p5,14,0.0085496889,0.2361572959,0.0496916946,0.2695528321,11
Qwen3-4B,1_1_0p5,15,0.0016335874,0.0333478867,0.0084215937,0.0391922710,31
Qwen3-4B,1_1_0p5,16,0.0021983802,0.0948295063,0.0698399990,0.1319478860,18
Qwen3-4B,1_1_0p5,17,0.0014546540,0.0484626394,0.0169252373,0.0583799120,28
Qwen3-4B,1_1_0p5,18,0.0025678421,0.0980596163,0.0532862859,0.1272706013,20
Qwen3-4B,1_1_0p5,19,0.0018401897,0.0629269249,0.0123572755,0.0709457524,25
Qwen3-4B,1_1_0p5,20,0.0013373363,0.0402105476,0.0096948296,0.0463952988,29
Qwen3-4B,1_1_0p5,21,0.0029111981,0.0921543542,0.0388885367,0.1145098206,22
Qwen3-4B,1_1_0p5,22,0.0047044796,0.1584730285,0.0865918036,0.2064734099,15
Qwen3-4B,1_1_0p5,23,0.0101553685,0.1927147037,0.0757869124,0.2407635284,13
Qwen3-4B,1_1_0p5,24,0.0013926545,0.0382808938,0.0088493916,0.0440982441,30
Qwen3-4B,1_1_0p5,25,0.0030924486,0.1051605603,0.0463427974,0.1314244076,19
Qwen3-4B,1_1_0p5,26,0.0018575592,0.0766578170,0.0196157091,0.0883232307,24
Qwen3-4B,1_1_0p5,27,0.0012687420,0.0988751912,0.0315305728,0.1159092197,21
Qwen3-4B,1_1_0p5,28,0.0026048029,0.1158717150,0.0739137572,0.1554333965,17
Qwen3-4B,1_1_0p5,29,0.0012747618,0.0508182114,0.0300862477,0.0671360970,26
Qwen3-4B,1_1_0p5,30,0.0034961944,0.1455434031,0.1037828389,0.2009310170,16
Qwen3-4B,1_1_0p5,31,0.0007119367,0.0278284924,0.0066023543,0.0318416063,32
Qwen3-4B,1_1_0p5,32,0.0011178955,0.0665257106,0.0446356598,0.0899614360,23
Qwen3-4B,1_1_0p5,33,0.0000119169,0.0000000000,0.0043993193,0.0022115766,36
Qwen3-4B,1_1_0p5,34,0.0042261206,0.1540810863,0.1018247754,0.2092195946,14
Qwen3-4B,1_1_0p5,35,0.0226755358,0.3578808014,0.3055498778,0.5333312761,8
Qwen3-4B,1_0p5_1,0,1.0000000000,1.0000000000,1.0000000000,2.5000000000,1
Qwen3-4B,1_0p5_1,1,0.0237641995,0.3618114040,0.6610393802,0.8657092817,3
Qwen3-4B,1_0p5_1,2,0.0034668400,0.1479738269,0.1859327705,0.2633865240,11
Qwen3-4B,1_0p5_1,3,0.0009708389,0.0516340771,0.0284690240,0.0552569015,26
Qwen3-4B,1_0p5_1,4,0.0322270638,0.4304076318,0.4054124513,0.6528433309,6
Qwen3-4B,1_0p5_1,5,0.0895565427,0.5687360765,0.3424419692,0.7163665501,4
Qwen3-4B,1_0p5_1,6,0.0191933681,0.3767744406,0.4486834082,0.6562639966,5
Qwen3-4B,1_0p5_1,7,0.0023953941,0.0119254571,0.0046874042,0.0130455269,34
Qwen3-4B,1_0p5_1,8,0.0302460728,0.4431271680,0.6483528439,0.9001625006,2
Qwen3-4B,1_0p5_1,9,0.0000000000,0.0141446991,0.0134694637,0.0205418133,33
Qwen3-4B,1_0p5_1,10,0.0176767261,0.3308907234,0.4669853166,0.6501074044,7
Qwen3-4B,1_0p5_1,11,0.0155083159,0.3224895564,0.2710781307,0.4478312247,9
Qwen3-4B,1_0p5_1,12,0.0082842413,0.2415719250,0.1806480338,0.3097182376,10
Qwen3-4B,1_0p5_1,13,0.0010199133,0.0076688582,0.0000000000,0.0048543424,35
Qwen3-4B,1_0p5_1,14,0.0085496889,0.2361572959,0.0496916946,0.1763200314,15
Qwen3-4B,1_0p5_1,15,0.0016335874,0.0333478867,0.0084215937,0.0267291245,31
Qwen3-4B,1_0p5_1,16,0.0021983802,0.0948295063,0.0698399990,0.1194531324,18
Qwen3-4B,1_0p5_1,17,0.0014546540,0.0484626394,0.0169252373,0.0426112109,28
Qwen3-4B,1_0p5_1,18,0.0025678421,0.0980596163,0.0532862859,0.1048839361,19
Qwen3-4B,1_0p5_1,19,0.0018401897,0.0629269249,0.0123572755,0.0456609276,27
Qwen3-4B,1_0p5_1,20,0.0013373363,0.0402105476,0.0096948296,0.0311374397,29
Qwen3-4B,1_0p5_1,21,0.0029111981,0.0921543542,0.0388885367,0.0878769119,21
Qwen3-4B,1_0p5_1,22,0.0047044796,0.1584730285,0.0865918036,0.1705327974,16
Qwen3-4B,1_0p5_1,23,0.0101553685,0.1927147037,0.0757869124,0.1822996328,13
Qwen3-4B,1_0p5_1,24,0.0013926545,0.0382808938,0.0088493916,0.0293824930,30
Qwen3-4B,1_0p5_1,25,0.0030924486,0.1051605603,0.0463427974,0.1020155262,20
Qwen3-4B,1_0p5_1,26,0.0018575592,0.0766578170,0.0196157091,0.0598021767,24
Qwen3-4B,1_0p5_1,27,0.0012687420,0.0988751912,0.0315305728,0.0822369105,22
Qwen3-4B,1_0p5_1,28,0.0026048029,0.1158717150,0.0739137572,0.1344544176,17
Qwen3-4B,1_0p5_1,29,0.0012747618,0.0508182114,0.0300862477,0.0567701152,25
Qwen3-4B,1_0p5_1,30,0.0034961944,0.1455434031,0.1037828389,0.1800507349,14
Qwen3-4B,1_0p5_1,31,0.0007119367,0.0278284924,0.0066023543,0.0212285372,32
Qwen3-4B,1_0p5_1,32,0.0011178955,0.0665257106,0.0446356598,0.0790164106,23
Qwen3-4B,1_0p5_1,33,0.0000119169,0.0000000000,0.0043993193,0.0044112362,36
Qwen3-4B,1_0p5_1,34,0.0042261206,0.1540810863,0.1018247754,0.1830914392,12
Qwen3-4B,1_0p5_1,35,0.0226755358,0.3578808014,0.3055498778,0.5071658143,8
Qwen3-4B,0p5_1_1,0,1.0000000000,1.0000000000,1.0000000000,2.5000000000,1
Qwen3-4B,0p5_1_1,1,0.0237641995,0.3618114040,0.6610393802,1.0347328839,3
Qwen3-4B,0p5_1_1,2,0.0034668400,0.1479738269,0.1859327705,0.3356400175,11
Qwen3-4B,0p5_1_1,3,0.0009708389,0.0516340771,0.0284690240,0.0805885206,26
Qwen3-4B,0p5_1_1,4,0.0322270638,0.4304076318,0.4054124513,0.8519336149,5
Qwen3-4B,0p5_1_1,5,0.0895565427,0.5687360765,0.3424419692,0.9559563170,4
Qwen3-4B,0p5_1_1,6,0.0191933681,0.3767744406,0.4486834082,0.8350545329,6
Qwen3-4B,0p5_1_1,7,0.0023953941,0.0119254571,0.0046874042,0.0178105584,34
Qwen3-4B,0p5_1_1,8,0.0302460728,0.4431271680,0.6483528439,1.1066030482,2
Qwen3-4B,0p5_1_1,9,0.0000000000,0.0141446991,0.0134694637,0.0276141628,33
Qwen3-4B,0p5_1_1,10,0.0176767261,0.3308907234,0.4669853166,0.8067144031,7
Qwen3-4B,0p5_1_1,11,0.0155083159,0.3224895564,0.2710781307,0.6013218450,9
Qwen3-4B,0p5_1_1,12,0.0082842413,0.2415719250,0.1806480338,0.4263620794,10
Qwen3-4B,0p5_1_1,13,0.0010199133,0.0076688582,0.0000000000,0.0081788148,35
Qwen3-4B,0p5_1_1,14,0.0085496889,0.2361572959,0.0496916946,0.2901238349,12
Qwen3-4B,0p5_1_1,15,0.0016335874,0.0333478867,0.0084215937,0.0425862741,31
Qwen3-4B,0p5_1_1,16,0.0021983802,0.0948295063,0.0698399990,0.1657686954,18
Qwen3-4B,0p5_1_1,17,0.0014546540,0.0484626394,0.0169252373,0.0661152036,28
Qwen3-4B,0p5_1_1,18,0.0025678421,0.0980596163,0.0532862859,0.1526298232,20
Qwen3-4B,0p5_1_1,19,0.0018401897,0.0629269249,0.0123572755,0.0762042953,27
Qwen3-4B,0p5_1_1,20,0.0013373363,0.0402105476,0.0096948296,0.0505740454,29
Qwen3-4B,0p5_1_1,21,0.0029111981,0.0921543542,0.0388885367,0.1324984900,21
Qwen3-4B,0p5_1_1,22,0.0047044796,0.1584730285,0.0865918036,0.2474170719,16
Qwen3-4B,0p5_1_1,23,0.0101553685,0.1927147037,0.0757869124,0.2735793004,13
Qwen3-4B,0p5_1_1,24,0.0013926545,0.0382808938,0.0088493916,0.0478266127,30
Qwen3-4B,0p5_1_1,25,0.0030924486,0.1051605603,0.0463427974,0.1530495821,19
Qwen3-4B,0p5_1_1,26,0.0018575592,0.0766578170,0.0196157091,0.0972023056,24
Qwen3-4B,0p5_1_1,27,0.0012687420,0.0988751912,0.0315305728,0.1310401350,22
Qwen3-4B,0p5_1_1,28,0.0026048029,0.1158717150,0.0739137572,0.1910878736,17
Qwen3-4B,0p5_1_1,29,0.0012747618,0.0508182114,0.0300862477,0.0815418400,25
Qwen3-4B,0p5_1_1,30,0.0034961944,0.1455434031,0.1037828389,0.2510743393,15
Qwen3-4B,0p5_1_1,31,0.0007119367,0.0278284924,0.0066023543,0.0347868151,32
Qwen3-4B,0p5_1_1,32,0.0011178955,0.0665257106,0.0446356598,0.1117203181,23
Qwen3-4B,0p5_1_1,33,0.0000119169,0.0000000000,0.0043993193,0.0044052778,36
Qwen3-4B,0p5_1_1,34,0.0042261206,0.1540810863,0.1018247754,0.2580189220,14
Qwen3-4B,0p5_1_1,35,0.0226755358,0.3578808014,0.3055498778,0.6747684471,8
Qwen2.5-3B,1_1_1,0,1.0000000000,1.0000000000,0.3479347827,2.3479347827,1
Qwen2.5-3B,1_1_1,1,0.0278712808,0.5077720771,1.0000000000,1.5356433579,2
Qwen2.5-3B,1_1_1,2,0.0125399849,0.3355674981,0.9894906712,1.3375981542,3
Qwen2.5-3B,1_1_1,3,0.0026363473,0.0242091819,0.0052260144,0.0320715436,36
Qwen2.5-3B,1_1_1,4,0.0018863204,0.0359001162,0.0000000000,0.0377864366,35
Qwen2.5-3B,1_1_1,5,0.0043702195,0.1479192043,0.0220643256,0.1743537493,29
Qwen2.5-3B,1_1_1,6,0.0024027022,0.0434234942,0.0496969061,0.0955231025,34
Qwen2.5-3B,1_1_1,7,0.0039811371,0.0977352962,0.0926318577,0.1943482911,26
Qwen2.5-3B,1_1_1,8,0.0034147188,0.1240244403,0.2202517084,0.3476908676,15
Qwen2.5-3B,1_1_1,9,0.0030984681,0.1990209190,0.1129638906,0.3150832777,17
Qwen2.5-3B,1_1_1,10,0.0040964228,0.0998932585,0.0406939840,0.1446836652,30
Qwen2.5-3B,1_1_1,11,0.0042940173,0.0614588937,0.1752146359,0.2409675468,21
Qwen2.5-3B,1_1_1,12,0.0069010977,0.0616659792,0.1173250794,0.1858921564,28
Qwen2.5-3B,1_1_1,13,0.0058742459,0.0827214855,0.1041347916,0.1927305229,27
Qwen2.5-3B,1_1_1,14,0.0074305474,0.1109297903,0.2261012797,0.3444616175,16
Qwen2.5-3B,1_1_1,15,0.0047480626,0.0877756329,0.1283674193,0.2208911149,23
Qwen2.5-3B,1_1_1,16,0.0055336634,0.1253218031,0.1596481563,0.2905036228,18
Qwen2.5-3B,1_1_1,17,0.0037957975,0.0726755667,0.1491257995,0.2255971637,22
Qwen2.5-3B,1_1_1,18,0.0205940833,0.2476730692,0.2362841222,0.5045512747,5
Qwen2.5-3B,1_1_1,19,0.0046174523,0.2510350187,0.0958628796,0.3515153507,14
Qwen2.5-3B,1_1_1,20,0.0131375198,0.1048463277,0.2944323437,0.4124161912,10
Qwen2.5-3B,1_1_1,21,0.0023508317,0.0780559327,0.3912259628,0.4716327272,6
Qwen2.5-3B,1_1_1,22,0.0012620271,0.0867386048,0.3637957965,0.4517964285,7
Qwen2.5-3B,1_1_1,23,0.0021965479,0.0331633302,0.1743936682,0.2097535464,25
Qwen2.5-3B,1_1_1,24,0.0087907840,0.1480470154,0.2797010849,0.4365388843,8
Qwen2.5-3B,1_1_1,25,0.0024043147,0.0914373484,0.3336555254,0.4274971885,9
Qwen2.5-3B,1_1_1,26,0.0029894165,0.0425997019,0.1710670213,0.2166561397,24
Qwen2.5-3B,1_1_1,27,0.2236594235,0.0639827978,0.3597408926,0.6473831139,4
Qwen2.5-3B,1_1_1,28,0.0033972974,0.0632401738,0.0664651043,0.1331025756,31
Qwen2.5-3B,1_1_1,29,0.0139229828,0.0025807107,0.2456455325,0.2621492259,20
Qwen2.5-3B,1_1_1,30,0.0009753371,0.0000000000,0.1116647356,0.1126400727,32
Qwen2.5-3B,1_1_1,31,0.0026776781,0.0828480406,0.3178856330,0.4034113518,11
Qwen2.5-3B,1_1_1,32,0.0016423985,0.0848496949,0.3099153363,0.3964074297,12
Qwen2.5-3B,1_1_1,33,0.0000000000,0.0166428849,0.3549074554,0.3715503402,13
Qwen2.5-3B,1_1_1,34,0.0032402406,0.0268467250,0.0803575255,0.1104444912,33
Qwen2.5-3B,1_1_1,35,0.0071645365,0.1706532434,0.0847402845,0.2625580645,19
Qwen2.5-3B,1_1_0p5,0,1.0000000000,1.0000000000,0.3479347827,2.1739673913,1
Qwen2.5-3B,1_1_0p5,1,0.0278712808,0.5077720771,1.0000000000,1.0356433579,2
Qwen2.5-3B,1_1_0p5,2,0.0125399849,0.3355674981,0.9894906712,0.8428528186,3
Qwen2.5-3B,1_1_0p5,3,0.0026363473,0.0242091819,0.0052260144,0.0294585364,36
Qwen2.5-3B,1_1_0p5,4,0.0018863204,0.0359001162,0.0000000000,0.0377864366,35
Qwen2.5-3B,1_1_0p5,5,0.0043702195,0.1479192043,0.0220643256,0.1633215866,20
Qwen2.5-3B,1_1_0p5,6,0.0024027022,0.0434234942,0.0496969061,0.0706746494,32
Qwen2.5-3B,1_1_0p5,7,0.0039811371,0.0977352962,0.0926318577,0.1480323622,24
Qwen2.5-3B,1_1_0p5,8,0.0034147188,0.1240244403,0.2202517084,0.2375650134,15
Qwen2.5-3B,1_1_0p5,9,0.0030984681,0.1990209190,0.1129638906,0.2586013324,12
Qwen2.5-3B,1_1_0p5,10,0.0040964228,0.0998932585,0.0406939840,0.1243366732,29
Qwen2.5-3B,1_1_0p5,11,0.0042940173,0.0614588937,0.1752146359,0.1533602289,22
Qwen2.5-3B,1_1_0p5,12,0.0069010977,0.0616659792,0.1173250794,0.1272296167,28
Qwen2.5-3B,1_1_0p5,13,0.0058742459,0.0827214855,0.1041347916,0.1406631271,25
Qwen2.5-3B,1_1_0p5,14,0.0074305474,0.1109297903,0.2261012797,0.2314109776,16
Qwen2.5-3B,1_1_0p5,15,0.0047480626,0.0877756329,0.1283674193,0.1567074052,21
Qwen2.5-3B,1_1_0p5,16,0.0055336634,0.1253218031,0.1596481563,0.2106795446,18
Qwen2.5-3B,1_1_0p5,17,0.0037957975,0.0726755667,0.1491257995,0.1510342640,23
Qwen2.5-3B,1_1_0p5,18,0.0205940833,0.2476730692,0.2362841222,0.3864092136,5
Qwen2.5-3B,1_1_0p5,19,0.0046174523,0.2510350187,0.0958628796,0.3035839109,6
Qwen2.5-3B,1_1_0p5,20,0.0131375198,0.1048463277,0.2944323437,0.2652000193,10
Qwen2.5-3B,1_1_0p5,21,0.0023508317,0.0780559327,0.3912259628,0.2760197458,8
Qwen2.5-3B,1_1_0p5,22,0.0012620271,0.0867386048,0.3637957965,0.2698985302,9
Qwen2.5-3B,1_1_0p5,23,0.0021965479,0.0331633302,0.1743936682,0.1225567122,30
Qwen2.5-3B,1_1_0p5,24,0.0087907840,0.1480470154,0.2797010849,0.2966883418,7
Qwen2.5-3B,1_1_0p5,25,0.0024043147,0.0914373484,0.3336555254,0.2606694258,11
Qwen2.5-3B,1_1_0p5,26,0.0029894165,0.0425997019,0.1710670213,0.1311226291,27
Qwen2.5-3B,1_1_0p5,27,0.2236594235,0.0639827978,0.3597408926,0.4675126676,4
Qwen2.5-3B,1_1_0p5,28,0.0033972974,0.0632401738,0.0664651043,0.0998700235,31
Qwen2.5-3B,1_1_0p5,29,0.0139229828,0.0025807107,0.2456455325,0.1393264597,26
Qwen2.5-3B,1_1_0p5,30,0.0009753371,0.0000000000,0.1116647356,0.0568077049,34
Qwen2.5-3B,1_1_0p5,31,0.0026776781,0.0828480406,0.3178856330,0.2444685352,13
Qwen2.5-3B,1_1_0p5,32,0.0016423985,0.0848496949,0.3099153363,0.2414497615,14
Qwen2.5-3B,1_1_0p5,33,0.0000000000,0.0166428849,0.3549074554,0.1940966126,19
Qwen2.5-3B,1_1_0p5,34,0.0032402406,0.0268467250,0.0803575255,0.0702657284,33
Qwen2.5-3B,1_1_0p5,35,0.0071645365,0.1706532434,0.0847402845,0.2201879222,17
Qwen2.5-3B,1_0p5_1,0,1.0000000000,1.0000000000,0.3479347827,1.8479347827,1
Qwen2.5-3B,1_0p5_1,1,0.0278712808,0.5077720771,1.0000000000,1.2817573193,2
Qwen2.5-3B,1_0p5_1,2,0.0125399849,0.3355674981,0.9894906712,1.1698144052,3
Qwen2.5-3B,1_0p5_1,3,0.0026363473,0.0242091819,0.0052260144,0.0199669527,35
Qwen2.5-3B,1_0p5_1,4,0.0018863204,0.0359001162,0.0000000000,0.0198363785,36
Qwen2.5-3B,1_0p5_1,5,0.0043702195,0.1479192043,0.0220643256,0.1003941472,31
Qwen2.5-3B,1_0p5_1,6,0.0024027022,0.0434234942,0.0496969061,0.0738113554,34
Qwen2.5-3B,1_0p5_1,7,0.0039811371,0.0977352962,0.0926318577,0.1454806430,28
Qwen2.5-3B,1_0p5_1,8,0.0034147188,0.1240244403,0.2202517084,0.2856786474,15
Qwen2.5-3B,1_0p5_1,9,0.0030984681,0.1990209190,0.1129638906,0.2155728182,19
Qwen2.5-3B,1_0p5_1,10,0.0040964228,0.0998932585,0.0406939840,0.0947370360,33
Qwen2.5-3B,1_0p5_1,11,0.0042940173,0.0614588937,0.1752146359,0.2102381000,20
Qwen2.5-3B,1_0p5_1,12,0.0069010977,0.0616659792,0.1173250794,0.1550591668,26
Qwen2.5-3B,1_0p5_1,13,0.0058742459,0.0827214855,0.1041347916,0.1513697802,27
Qwen2.5-3B,1_0p5_1,14,0.0074305474,0.1109297903,0.2261012797,0.2889967223,14
Qwen2.5-3B,1_0p5_1,15,0.0047480626,0.0877756329,0.1283674193,0.1770032984,25
Qwen2.5-3B,1_0p5_1,16,0.0055336634,0.1253218031,0.1596481563,0.2278427212,17
Qwen2.5-3B,1_0p5_1,17,0.0037957975,0.0726755667,0.1491257995,0.1892593804,23
Qwen2.5-3B,1_0p5_1,18,0.0205940833,0.2476730692,0.2362841222,0.3807147401,8
Qwen2.5-3B,1_0p5_1,19,0.0046174523,0.2510350187,0.0958628796,0.2259978413,18
Qwen2.5-3B,1_0p5_1,20,0.0131375198,0.1048463277,0.2944323437,0.3599930273,12
Qwen2.5-3B,1_0p5_1,21,0.0023508317,0.0780559327,0.3912259628,0.4326047609,5
Qwen2.5-3B,1_0p5_1,22,0.0012620271,0.0867386048,0.3637957965,0.4084271261,6
Qwen2.5-3B,1_0p5_1,23,0.0021965479,0.0331633302,0.1743936682,0.1931718812,22
Qwen2.5-3B,1_0p5_1,24,0.0087907840,0.1480470154,0.2797010849,0.3625153765,10
Qwen2.5-3B,1_0p5_1,25,0.0024043147,0.0914373484,0.3336555254,0.3817785143,7
Qwen2.5-3B,1_0p5_1,26,0.0029894165,0.0425997019,0.1710670213,0.1953562887,21
Qwen2.5-3B,1_0p5_1,27,0.2236594235,0.0639827978,0.3597408926,0.6153917150,4
Qwen2.5-3B,1_0p5_1,28,0.0033972974,0.0632401738,0.0664651043,0.1014824887,30
Qwen2.5-3B,1_0p5_1,29,0.0139229828,0.0025807107,0.2456455325,0.2608588706,16
Qwen2.5-3B,1_0p5_1,30,0.0009753371,0.0000000000,0.1116647356,0.1126400727,29
Qwen2.5-3B,1_0p5_1,31,0.0026776781,0.0828480406,0.3178856330,0.3619873315,11
Qwen2.5-3B,1_0p5_1,32,0.0016423985,0.0848496949,0.3099153363,0.3539825823,13
Qwen2.5-3B,1_0p5_1,33,0.0000000000,0.0166428849,0.3549074554,0.3632288978,9
Qwen2.5-3B,1_0p5_1,34,0.0032402406,0.0268467250,0.0803575255,0.0970211287,32
Qwen2.5-3B,1_0p5_1,35,0.0071645365,0.1706532434,0.0847402845,0.1772314428,24
Qwen2.5-3B,0p5_1_1,0,1.0000000000,1.0000000000,0.3479347827,1.8479347827,1
Qwen2.5-3B,0p5_1_1,1,0.0278712808,0.5077720771,1.0000000000,1.5217077175,2
Qwen2.5-3B,0p5_1_1,2,0.0125399849,0.3355674981,0.9894906712,1.3313281618,3
Qwen2.5-3B,0p5_1_1,3,0.0026363473,0.0242091819,0.0052260144,0.0307533700,36
Qwen2.5-3B,0p5_1_1,4,0.0018863204,0.0359001162,0.0000000000,0.0368432764,35
Qwen2.5-3B,0p5_1_1,5,0.0043702195,0.1479192043,0.0220643256,0.1721686396,29
Qwen2.5-3B,0p5_1_1,6,0.0024027022,0.0434234942,0.0496969061,0.0943217514,34
Qwen2.5-3B,0p5_1_1,7,0.0039811371,0.0977352962,0.0926318577,0.1923577225,26
Qwen2.5-3B,0p5_1_1,8,0.0034147188,0.1240244403,0.2202517084,0.3459835082,15
Qwen2.5-3B,0p5_1_1,9,0.0030984681,0.1990209190,0.1129638906,0.3135340437,17
Qwen2.5-3B,0p5_1_1,10,0.0040964228,0.0998932585,0.0406939840,0.1426354538,30
Qwen2.5-3B,0p5_1_1,11,0.0042940173,0.0614588937,0.1752146359,0.2388205382,21
Qwen2.5-3B,0p5_1_1,12,0.0069010977,0.0616659792,0.1173250794,0.1824416075,28
Qwen2.5-3B,0p5_1_1,13,0.0058742459,0.0827214855,0.1041347916,0.1897934000,27
Qwen2.5-3B,0p5_1_1,14,0.0074305474,0.1109297903,0.2261012797,0.3407463438,16
Qwen2.5-3B,0p5_1_1,15,0.0047480626,0.0877756329,0.1283674193,0.2185170835,23
Qwen2.5-3B,0p5_1_1,16,0.0055336634,0.1253218031,0.1596481563,0.2877367911,18
Qwen2.5-3B,0p5_1_1,17,0.0037957975,0.0726755667,0.1491257995,0.2236992650,22
Qwen2.5-3B,0p5_1_1,18,0.0205940833,0.2476730692,0.2362841222,0.4942542330,5
Qwen2.5-3B,0p5_1_1,19,0.0046174523,0.2510350187,0.0958628796,0.3492066245,14
Qwen2.5-3B,0p5_1_1,20,0.0131375198,0.1048463277,0.2944323437,0.4058474313,10
Qwen2.5-3B,0p5_1_1,21,0.0023508317,0.0780559327,0.3912259628,0.4704573114,6
Qwen2.5-3B,0p5_1_1,22,0.0012620271,0.0867386048,0.3637957965,0.4511654149,7
Qwen2.5-3B,0p5_1_1,23,0.0021965479,0.0331633302,0.1743936682,0.2086552724,25
Qwen2.5-3B,0p5_1_1,24,0.0087907840,0.1480470154,0.2797010849,0.4321434923,8
Qwen2.5-3B,0p5_1_1,25,0.0024043147,0.0914373484,0.3336555254,0.4262950311,9
Qwen2.5-3B,0p5_1_1,26,0.0029894165,0.0425997019,0.1710670213,0.2151614314,24
Qwen2.5-3B,0p5_1_1,27,0.2236594235,0.0639827978,0.3597408926,0.5355534021,4
Qwen2.5-3B,0p5_1_1,28,0.0033972974,0.0632401738,0.0664651043,0.1314039269,31
Qwen2.5-3B,0p5_1_1,29,0.0139229828,0.0025807107,0.2456455325,0.2551877346,20
Qwen2.5-3B,0p5_1_1,30,0.0009753371,0.0000000000,0.1116647356,0.1121524042,32
Qwen2.5-3B,0p5_1_1,31,0.0026776781,0.0828480406,0.3178856330,0.4020725127,11
Qwen2.5-3B,0p5_1_1,32,0.0016423985,0.0848496949,0.3099153363,0.3955862304,12
Qwen2.5-3B,0p5_1_1,33,0.0000000000,0.0166428849,0.3549074554,0.3715503402,13
Qwen2.5-3B,0p5_1_1,34,0.0032402406,0.0268467250,0.0803575255,0.1088243709,33
Qwen2.5-3B,0p5_1_1,35,0.0071645365,0.1706532434,0.0847402845,0.2589757962,19

